{
  "abkhazie": "Abkhazie",
  "afghanistan": "Afghanistan",
  "afrique_du_sud": "Afrique du Sud",
  "albanie": "Albanie",
  "algerie": "Algérie",
  "allemagne": "Allemagne",
  "andorre": "Andorre",
  "angola": "Angola",
  "antigua_et_barbuda": "Antigua-et-Barbuda",
  "arabie_saoudite": "Arabie saoudite",
  "argentine": "Argentine",
  "armenie": "Arménie",
  "australie": "Australie",
  "autriche": "Autriche",
  "azerbaidjan": "Azerbaïdjan",
  "bahamas": "Bahamas",
  "bahrein": "Bahreïn",
  "bangladesh": "Bangladesh",
  "barbade": "Barbade",
  "belgique": "Belgique",
  "belize": "Belize",
  "benin": "Bénin",
  "bhoutan": "Bhoutan",
  "bielorussie": "Biélorussie",
  "birmanie": "Birmanie",
  "birmanie_myanmar": "Birmanie (Myanmar)",
  "bolivie": "Bolivie",
  "bosnie_herzegovine": "Bosnie-Herzégovine",
  "botswana": "Botswana",
  "bresil": "Brésil",
  "brunei": "Brunei",
  "bulgarie": "Bulgarie",
  "burkina_faso": "Burkina Faso",
  "burundi": "Burundi",
  "cambodge": "Cambodge",
  "cameroun": "Cameroun",
  "canada": "Canada",
  "cap_vert": "Cap-Vert",
  "chili": "Chili",
  "chine": "Chine",
  "chypre": "Chypre",
  "chypre_du_nord": "Chypre du Nord",
  "colombie": "Colombie",
  "comores": "Comores",
  "coree_du_nord": "Corée du Nord",
  "coree_du_sud": "Corée du Sud",
  "costa_rica": "Costa Rica",
  "cote_d_ivoire": "Côte d'Ivoire",
  "croatie": "Croatie",
  "cuba": "Cuba",
  "danemark": "Danemark",
  "djibouti": "Djibouti",
  "dominique": "Dominique",
  "egypte": "Égypte",
  "emirats_arabes_unis": "Émirats arabes unis",
  "equateur": "Équateur",
  "erythree": "Érythrée",
  "espagne": "Espagne",
  "estonie": "Estonie",
  "eswatini": "Eswatini",
  "etats_federes_de_micronesie": "États fédérés de Micronésie",
  "etats_unis": "États-Unis",
  "ethiopie": "Éthiopie",
  "fidji": "Fidji",
  "finlande": "Finlande",
  "france": "France",
  "gabon": "Gabon",
  "gambie": "Gambie",
  "georgie": "Géorgie",
  "ghana": "Ghana",
  "grece": "Grèce",
  "grenade": "Grenade",
  "guatemala": "Guatemala",
  "guinee": "Guinée",
  "guinee_bissau": "Guinée-Bissau",
  "guinee_equatoriale": "Guinée équatoriale",
  "guyana": "Guyana",
  "haiti": "Haïti",
  "haut_karabagh": "Haut-Karabagh",
  "honduras": "Honduras",
  "hong_kong": "Hong Kong",
  "hongrie": "Hongrie",
  "iles_cook": "Îles Cook",
  "iles_marshall": "Îles Marshall",
  "inde": "Inde",
  "indonesie": "Indonésie",
  "irak": "Irak",
  "iran": "Iran",
  "irlande": "Irlande",
  "islande": "Islande",
  "israel": "Israël",
  "italie": "Italie",
  "jamaique": "Jamaïque",
  "japon": "Japon",
  "jordanie": "Jordanie",
  "kazakhstan": "Kazakhstan",
  "kenya": "Kenya",
  "kirghizistan": "Kirghizistan",
  "kiribati": "Kiribati",
  "kosovo": "Kosovo",
  "koweit": "Koweït",
  "laos": "Laos",
  "lesotho": "Lesotho",
  "lettonie": "Lettonie",
  "liban": "Liban",
  "liberia": "Liberia",
  "libye": "Libye",
  "liechtenstein": "Liechtenstein",
  "lituanie": "Lituanie",
  "luxembourg": "Luxembourg",
  "macao": "Macao",
  "macedoine_du_nord": "Macédoine du Nord",
  "madagascar": "Madagascar",
  "malaisie": "Malaisie",
  "malawi": "Malawi",
  "maldives": "Maldives",
  "mali": "Mali",
  "malte": "Malte",
  "maroc": "Maroc",
  "maurice": "Maurice",
  "mauritanie": "Mauritanie",
  "mexique": "Mexique",
  "moldavie": "Moldavie",
  "monaco": "Monaco",
  "mongolie": "Mongolie",
  "montenegro": "Monténégro",
  "mozambique": "Mozambique",
  "namibie": "Namibie",
  "nauru": "Nauru",
  "nepal": "Népal",
  "nicaragua": "Nicaragua",
  "niger": "Niger",
  "nigeria": "Nigeria",
  "niue": "Niue",
  "norvege": "Norvège",
  "nouvelle_zelande": "Nouvelle-Zélande",
  "oman": "Oman",
  "ossetie_du_sud": "Ossétie du Sud",
  "ouganda": "Ouganda",
  "ouzbekistan": "Ouzbékistan",
  "pakistan": "Pakistan",
  "palaos": "Palaos",
  "palestine": "Palestine",
  "panama": "Panama",
  "papouasie_nouvelle_guinee": "Papouasie-Nouvelle-Guinée",
  "paraguay": "Paraguay",
  "pays_bas": "Pays-Bas",
  "perou": "Pérou",
  "philippines": "Philippines",
  "pologne": "Pologne",
  "polynesie_francaise": "Polynésie française",
  "porto_rico": "Porto Rico",
  "portugal": "Portugal",
  "qatar": "Qatar",
  "republique_arabe_sahraouie_democratique": "République arabe sahraouie démocratique",
  "republique_centrafricaine": "République centrafricaine",
  "republique_democratique_du_congo": "République démocratique du Congo",
  "republique_dominicaine": "République dominicaine",
  "republique_du_congo": "République du Congo",
  "republique_tcheque": "République tchèque",
  "roumanie": "Roumanie",
  "royaume_uni": "Royaume-Uni",
  "russie": "Russie",
  "rwanda": "Rwanda",
  "saint_christophe_et_nieves": "Saint-Christophe-et-Niévès",
  "saint_marin": "Saint-Marin",
  "saint_vincent_et_les_grenadines": "Saint-Vincent-et-les-Grenadines",
  "sainte_lucie": "Sainte-Lucie",
  "salomon": "Salomon",
  "salvador": "Salvador",
  "samoa": "Samoa",
  "sao_tome_et_principe": "Sao Tomé-et-Principe",
  "senegal": "Sénégal",
  "serbie": "Serbie",
  "seychelles": "Seychelles",
  "sierra_leone": "Sierra Leone",
  "singapour": "Singapour",
  "slovaquie": "Slovaquie",
  "slovenie": "Slovénie",
  "somalie": "Somalie",
  "somaliland": "Somaliland",
  "soudan": "Soudan",
  "soudan_du_sud": "Soudan du Sud",
  "sri_lanka": "Sri Lanka",
  "suede": "Suède",
  "suisse": "Suisse",
  "suriname": "Suriname",
  "syrie": "Syrie",
  "tadjikistan": "Tadjikistan",
  "taiwan": "Taïwan",
  "tanzanie": "Tanzanie",
  "tchad": "Tchad",
  "tchequie": "Tchéquie",
  "thailande": "Thaïlande",
  "timor_oriental": "Timor oriental",
  "togo": "Togo",
  "tonga": "Tonga",
  "transnistrie": "Transnistrie",
  "trinite_et_tobago": "Trinité-et-Tobago",
  "tunisie": "Tunisie",
  "turkmenistan": "Turkménistan",
  "turquie": "Turquie",
  "tuvalu": "Tuvalu",
  "ukraine": "Ukraine",
  "uruguay": "Uruguay",
  "vanuatu": "Vanuatu",
  "vatican": "Vatican",
  "venezuela": "Venezuela",
  "viet_nam": "Viêt Nam",
  "yemen": "Yémen",
  "zambie": "Zambie",
  "zimbabwe": "Zimbabwe"
}